"Test","temperature_sensor1","temperature_sensor2","pressure_sensor1","pressure_sensor2"
1,30.1008390999259,32.930285705825,10.8850509116509,9.14442430326963
2,37.5587331567327,21.3353314923698,7.29299496158785,10.5098461719334
3,27.6987557235721,24.4626561565937,11.250254096499,10.9207007625597
4,23.2898450366646,33.7237270019053,11.8934152164927,9.91898176804089
5,20.451697108168,28.4518640346818,11.8588439703521,10.2261341421547
6,23.7257003357801,27.0358118265204,11.6922890243022,9.94034018885316
